-- First set of insertions to set up DB with sample values

-- Addresses
insert into Address (street, city, stateOrProvince, country) values 
    ('1234 Main Street', 'Toronto', 'Ontario', 'Canada'),
    ('678 Broadview Avenue', 'Ottawa', 'Ontario', 'Canada'),
    ('567 King Street', 'Charlottetown', 'Prince Edward Island', 'Canada'),
    ('5432 Main Street', 'Houston', 'Texas', 'United States'),
    ('8765 Oak Street', 'Edmonton', 'Alberta', 'Canada'),
    ('1093 Queen Street', 'Winnipeg', 'Manitoba', 'Canada'),
    ('999 Dundas Street', 'London', 'Ontario', 'Canada'),
    ('123 Beach Boulevard', 'Miami', 'Florida', 'United States'),
    ('5678 Park Avenue', 'Quebec City', 'Quebec', 'Canada'),
    ('5432 5th Avenue', 'Seattle', 'Washington', 'United States'),
    ('789 Broadway', 'Denver', 'Colorado', 'United States'),
    ('2345 Granville Street', 'Victoria', 'British Columbia', 'Canada'),
    ('876 Canal Street', 'New Orleans', 'Louisiana', 'United States'),
    ('4321 Main Street', 'Calgary', 'Alberta', 'Canada'),
    ('8901 Elm Street', 'San Francisco', 'California', 'United States'),
    ('345 Bay Street', 'Toronto', 'Ontario', 'Canada'),
    ('6789 Park Avenue', 'Ottawa', 'Ontario', 'Canada'),
    ('1111 5th Avenue', 'New York', 'New York', 'United States'),
    ('2222 Granville Street', 'Vancouver', 'British Columbia', 'Canada'),
    ('3333 Main Street', 'Los Angeles', 'California', 'United States'),
    ('4444 Broadway', 'Montreal', 'Quebec', 'Canada'),
    ('5555 King Street', 'Charlottetown', 'Prince Edward Island', 'Canada'),
    ('6666 Canal Street', 'New Orleans', 'Louisiana', 'United States'),
    ('7777 Queen Street', 'Winnipeg', 'Manitoba', 'Canada'),
    ('8888 Bay Street', 'Toronto', 'Ontario', 'Canada'),
    ('9999 Elm Street', 'San Francisco', 'California', 'United States'),
    ('1234 Beach Boulevard', 'Miami', 'Florida', 'United States'),
    ('5678 Park Avenue', 'Quebec City', 'Quebec', 'Canada'),
    ('5432 5th Avenue', 'Seattle', 'Washington', 'United States'),
    ('789 Broadway', 'Denver', 'Colorado', 'United States'),
    ('2345 Granville Street', 'Victoria', 'British Columbia', 'Canada'),
    ('876 Canal Street', 'New Orleans', 'Louisiana', 'United States'),
    ('4321 Main Street', 'Calgary', 'Alberta', 'Canada'),
    ('8901 Elm Street', 'San Francisco', 'California', 'United States'),
    ('345 Bay Street', 'Toronto', 'Ontario', 'Canada'),
    ('Avenida Hidalgo 123', 'Mexico City', 'Ciudad de Mexico', 'Mexico'),
    ('Calle 5 de Mayo 456', 'Guadalajara', 'Jalisco', 'Mexico'),
    ('Avenida Paseo de la Reforma 789', 'Monterrey', 'Nuevo Leon', 'Mexico'),
    ('Calle 20 de Noviembre 101', 'Puebla', 'Puebla', 'Mexico'),
    ('Avenida Insurgentes 543', 'Tijuana', 'Baja California', 'Mexico'),
    ('Calle Miguel Hidalgo 678', 'Cancun', 'Quintana Roo', 'Mexico'),
    ('Avenida Francisco I. Madero 123', 'Oaxaca', 'Oaxaca', 'Mexico'),
    ('Calle Benito Juarez 456', 'Leon', 'Guanajuato', 'Mexico'),
    ('Avenida Vicente Guerrero 789', 'Acapulco', 'Guerrero', 'Mexico'),
    ('Calle Emiliano Zapata 101', 'Cuernavaca', 'Morelos', 'Mexico'),
    ('Avenida de la Constitucion 543', 'Veracruz', 'Veracruz', 'Mexico'),
    ('Calle Jose Maria Morelos 678', 'Merida', 'Yucatan', 'Mexico'),
    ('Avenida Cuauhtemoc 123', 'Juarez', 'Chihuahua', 'Mexico'),
    ('Calle Francisco Villa 456', 'Tampico', 'Tamaulipas', 'Mexico'),
    ('Avenida Miguel Aleman 789', 'Reynosa', 'Tamaulipas', 'Mexico'),
    ('Calle Venustiano Carranza 101', 'Colima', 'Colima', 'Mexico'),
    ('Avenida Lazaro Cardenas 543', 'Culiacan', 'Sinaloa', 'Mexico'),
    ('Calle Francisco I. Madero 678', 'San Luis Potosi', 'San Luis Potosi', 'Mexico'),
    ('Avenida Ignacio Zaragoza 123', 'Toluca', 'Mexico', 'Mexico'),
    ('Calle Miguel Hidalgo 456', 'Chihuahua', 'Chihuahua', 'Mexico');

-- People
insert into Person (ssn, addressID, firstName, lastName) values 
    ('111223333', 1, 'John', 'Doe'),
    ('222334444', 2, 'Jane', 'Doe'),
    ('333445555', 3, 'Bob', 'Smith'),
    ('444556666', 4, 'Alice', 'Johnson'),
    ('555667777', 5, 'Michael', 'Lee'),
    ('666778888', 6, 'Sarah', 'Williams'),
    ('777889999', 7, 'David', 'Davis'),
    ('888990000', 8, 'Emily', 'Brown'),
    ('999001111', 9, 'Tom', 'Thompson'),
    ('111112222', 10, 'Samantha', 'Jones'),
    ('222223333', 11, 'Jack', 'Jackson'),
    ('333334444', 12, 'Maggie', 'Johnson'),
    ('444445555', 13, 'Steve', 'Lee'),
    ('555556666', 14, 'Rachel', 'Williams'),
    ('666667777', 15, 'Patrick', 'Davis'),
    ('777778888', 16, 'Laura', 'Brown'),
    ('888889999', 17, 'Robert', 'Thompson'),
    ('999990000', 18, 'Linda', 'Jones'),
    ('111111111', 19, 'Mark', 'Jackson'),
    ('222222222', 20, 'Amy', 'Johnson'),
    ('333333333', 21, 'Luke', 'Lee'),
    ('444444444', 22, 'Beth', 'Williams'),
    ('555555555', 23, 'Chris', 'Davis'),
    ('666666666', 24, 'Tina', 'Brown'),
    ('777777777', 25, 'Kevin', 'Thompson'),
    ('888888888', 26, 'Olivia', 'Jones'),
    ('999999999', 27, 'Max', 'Jackson'),
    ('111223344', 28, 'Sophia', 'Johnson'),
    ('223344556', 29, 'William', 'Lee'),
    ('334455667', 30, 'Avery', 'Williams'),
    ('445566778', 31, 'Ethan', 'Davis'),
    ('556677889', 32, 'Grace', 'Brown'),
    ('667788990', 33, 'Nicholas', 'Thompson'),
    ('778899001', 34, 'Abby', 'Jones'),
    ('889900112', 35, 'Henry', 'Jackson'),
    ('990011223', 36, 'Isabella', 'Johnson'),
    ('112233445', 37, 'Luke', 'Lee'),
    ('224466889', 38, 'Naomi', 'Williams'),
    ('336699112', 39, 'Samuel', 'Davis'),
    ('448822335', 40, 'Victoria', 'Brown'),
    ('100000000', 1, 'Seamus', 'ORourke'),
    ('100000001', 2, 'Bridget', 'McCarthy'),
    ('100000002', 3, 'Patrick', 'OSullivan'),
    ('100000003', 4, 'Siobhan', 'Doherty'),
    ('100000004', 5, 'Liam', 'Murphy'),
    ('100000005', 6, 'Aisling', 'Flynn'),
    ('100000006', 7, 'Cian', 'McNamara'),
    ('100000007', 8, 'Eileen', 'ODonnell'),
    ('100000008', 9, 'Padraig', 'Gallagher'),
    ('100000009', 10, 'Fiona', 'Byrne'),
    ('100000010', 11, 'Declan', 'McLaughlin'),
    ('100000011', 12, 'Maeve', 'Higgins'),
    ('100000012', 13, 'Ronan', 'Fitzpatrick'),
    ('100000013', 14, 'Aine', 'Kennedy'),
    ('100000014', 15, 'Niall', 'Keegan'),
    ('100000015', 16, 'Clodagh', 'Cunningham'),
    ('100000016', 17, 'Tadhg', 'ONeill'),
    ('100000017', 18, 'Caitlin', 'Ryan'),
    ('100000018', 19, 'Eoghan', 'McDermott'),
    ('100000019', 20, 'Sinead', 'Doyle'),
    ('100000020', 21, 'Ciaran', 'Walsh'),
    ('100000021', 22, 'Ailis', 'OConnor'),
    ('100000022', 23, 'Finn', 'Dempsey'),
    ('100000023', 24, 'Grainne', 'McGowan'),
    ('100000024', 25, 'Darragh', 'OBrien'),
    ('100000025', 26, 'Roisin', 'Daly'),
    ('100000026', 27, 'Cathal', 'Kavanagh'),
    ('100000027', 28, 'Mairead', 'Gibbons'),
    ('100000028', 29, 'Lorcan', 'Foley'),
    ('100000029', 30, 'Aoife', 'Sheehan'),
    ('100000030', 31, 'Conor', 'Sweeney'),
    ('100000031', 32, 'Saoirse', 'Farrell'),
    ('100000032', 33, 'Ruairi', 'Cahill'),
    ('100000033', 34, 'Brenna', 'Cullen'),
    ('100000034', 35, 'Cillian', 'Nolan'),
    ('100000035', 36, 'Orla', 'Sheridan'),
    ('100000036', 37, 'Colm', 'McGuinness'),
    ('100000037', 38, 'Bridie', 'Hart'),
    ('100000038', 39, 'Diarmuid', 'Boyle'),
    ('100000039', 40, 'Molly', 'Joyce');

-- Customers:
insert into Customer (ssn, registrationDate) values
    ('111223333', current_date),
    ('222334444', current_date),
    ('333445555', current_date),
    ('444556666', current_date),
    ('555667777', current_date);

-- Employees: 
insert into Employee (ssn, yearlySalary) values
    ('111223333', 50000),
    ('222334444', 65000),
    ('333445555', 80000),
    ('444556666', 55000),
    ('555667777', 75000),
    ('666778888', 60000),
    ('777889999', 70000),
    ('888990000', 85000),
    ('999001111', 90000),
    ('111112222', 45000),
    ('222223333', 55000),
    ('333334444', 65000),
    ('444445555', 70000),
    ('555556666', 80000),
    ('666667777', 75000),
    ('777778888', 55000),
    ('888889999', 65000),
    ('999990000', 70000),
    ('111111111', 75000),
    ('222222222', 55000),
    ('333333333', 80000),
    ('444444444', 85000),
    ('555555555', 60000),
    ('666666666', 65000),
    ('777777777', 70000),
    ('888888888', 55000),
    ('999999999', 80000),
    ('111223344', 65000),
    ('223344556', 70000),
    ('334455667', 75000),
    ('445566778', 55000),
    ('556677889', 80000),
    ('667788990', 85000),
    ('778899001', 60000),
    ('889900112', 70000),
    ('990011223', 55000),
    ('112233445', 65000),
    ('224466889', 80000),
    ('336699112', 85000),
    ('448822335', 55000),
    ('100000000', 50000),
    ('100000001', 60000),
    ('100000002', 45000),
    ('100000003', 55000),
    ('100000004', 70000),
    ('100000005', 40000),
    ('100000006', 65000),
    ('100000007', 55000),
    ('100000008', 50000),
    ('100000009', 60000),
    ('100000010', 45000),
    ('100000011', 55000),
    ('100000012', 70000),
    ('100000013', 40000),
    ('100000014', 65000),
    ('100000015', 55000),
    ('100000016', 50000),
    ('100000017', 60000),
    ('100000018', 45000),
    ('100000019', 55000),
    ('100000020', 70000),
    ('100000021', 40000),
    ('100000022', 65000),
    ('100000023', 55000),
    ('100000024', 50000),
    ('100000025', 60000),
    ('100000026', 45000),
    ('100000027', 55000),
    ('100000028', 70000),
    ('100000029', 40000),
    ('100000030', 65000),
    ('100000031', 55000),
    ('100000032', 50000),
    ('100000033', 60000),
    ('100000034', 45000),
    ('100000035', 55000),
    ('100000036', 70000),
    ('100000037', 40000),
    ('100000038', 65000),
    ('100000039', 55000);


-- Hotel managers and other positions: 40 managers, 40 other
insert into EmployeePosition (employeeID, positionName) values
    (1, 'Manager'),
    (2, 'Manager'),
    (3, 'Manager'),
    (4, 'Manager'),
    (5, 'Manager'),
    (6, 'Manager'),
    (7, 'Manager'),
    (8, 'Manager'),
    (9, 'Manager'),
    (10, 'Manager'),
    (11, 'Manager'),
    (12, 'Manager'),
    (13, 'Manager'),
    (14, 'Manager'),
    (15, 'Manager'),
    (16, 'Manager'),
    (17, 'Manager'),
    (18, 'Manager'),
    (19, 'Manager'),
    (20, 'Manager'),
    (21, 'Manager'),
    (22, 'Manager'),
    (23, 'Manager'),
    (24, 'Manager'),
    (25, 'Manager'),
    (26, 'Manager'),
    (27, 'Manager'),
    (28, 'Manager'),
    (29, 'Manager'),
    (30, 'Manager'),
    (31, 'Manager'),
    (32, 'Manager'),
    (33, 'Manager'),
    (34, 'Manager'),
    (35, 'Manager'),
    (36, 'Manager'),
    (37, 'Manager'),
    (38, 'Manager'),
    (39, 'Manager'),
    (40, 'Manager'),
    (41, 'Reception Staff'),
    (42, 'Cleaning Staff'),
    (43, 'Kitchen Staff'),
    (44, 'IT Staff'),
    (45, 'IT Staff'),
    (46, 'Kitchen Staff'),
    (47, 'Cleaning Staff'),
    (48, 'IT Staff'),
    (49, 'Kitchen Staff'),
    (50, 'Reception Staff'),
    (51, 'Cleaning Staff'),
    (52, 'IT Staff'),
    (53, 'Reception Staff'),
    (54, 'Kitchen Staff'),
    (55, 'Reception Staff'),
    (56, 'Cleaning Staff'),
    (57, 'Kitchen Staff'),
    (58, 'IT Staff'),
    (59, 'Cleaning Staff'),
    (60, 'Reception Staff'),
    (61, 'Cleaning Staff'),
    (62, 'IT Staff'),
    (63, 'Reception Staff'),
    (64, 'Kitchen Staff'),
    (65, 'Cleaning Staff'),
    (66, 'IT Staff'),
    (67, 'Reception Staff'),
    (68, 'Kitchen Staff'),
    (69, 'Cleaning Staff'),
    (70, 'IT Staff'),
    (71, 'Reception Staff'),
    (72, 'Kitchen Staff'),
    (73, 'IT Staff'),
    (74, 'Reception Staff'),
    (75, 'Cleaning Staff'),
    (76, 'Kitchen Staff'),
    (77, 'IT Staff'),
    (78, 'Cleaning Staff'),
    (79, 'Reception Staff'),
    (80, 'Kitchen Staff');

-- Second set of insertions to set up DB with sample values

-- Hotel chains: 5
insert into HotelChain (chainName, addressID) values 
    ('Le Ritz', 1),
    ('La Fleur', 2),
    ('The Lazy Potato', 3),
    ('Chateau Lina', 4),
    ('The Michael Zone', 5);

-- Hotels: 8 for each chain, 5 chains -> 40 hotels
insert into Hotel (chainID, hotelName, addressID, managerID, rating) values 
    (1, 'Le Ritz Downtown', 7, 1, 5),
    (2, 'The Golden Star', 8, 2, 3),
    (3, 'The Sapphire Skyline', 9, 3, 5),
    (4, 'The Ocean View', 10, 4, 2),
    (5, 'The Alpine Lodge', 11, 5, 4),
    (1, 'The Mystic Mirage', 12, 6, 3),
    (2, 'The Crimson Palace', 13, 7, 4),
    (3, 'The Paradise Island', 14, 8, 2),
    (4, 'The Silver Crest', 15, 9, 5),
    (5, 'The Royal Retreat', 16, 10, 3),
    (1, 'The Emerald Enclave', 17, 11, 4),
    (2, 'The Obsidian Tower', 18, 12, 2),
    (3, 'The Azure Horizon', 19, 13, 5),
    (4, 'The Jade Garden', 20, 14, 3),
    (5, 'The Serene Bay', 21, 15, 4),
    (1, 'The Mystic Woods', 22, 16, 2),
    (2, 'The Diamond Hill', 23, 17, 4),
    (3, 'The Rustic Retreat', 24, 18, 3),
    (4, 'The Moonlit Bay', 25, 19, 5),
    (5, 'The Forest Haven', 26, 20, 2),
    (1, 'The Golden Sands', 27, 21, 4),
    (2, 'The Sapphire Shores', 28, 22, 3),
    (3, 'The Arctic Oasis', 29, 23, 5),
    (4, 'The Emerald Forest', 30, 24, 2),
    (5, 'The Desert Mirage', 31, 25, 4),
    (1, 'The Enchanted Garden', 32, 26, 3),
    (2, 'The Celestial Palace', 33, 27, 2),
    (3, 'The Radiant Sunflower', 34, 28, 5),
    (4, 'The Rustic Cabin', 35, 29, 3),
    (5, 'The Secluded Meadow', 36, 30, 4),
    (1, 'The Lavender Hill', 37, 31, 2),
    (2, 'The Twilight Skyline', 38, 32, 4),
    (3, 'The Silver Skies', 39, 33, 3),
    (4, 'The Luminous Lagoon', 40, 34, 5),
    (5, 'The Starry Nights', 41, 35, 2),
    (1, 'The Blue Apple', 42, 36, 1),
    (2, 'Lina Lagoon', 43, 37, 5),
    (3, 'Michael Mansion', 44, 38, 5),
    (4, 'Luigis Playpen', 45, 39, 1),
    (5, 'Banana Hotel', 46, 40, 1);

insert into HotelContact (hotelID, contactInfo) values
    (1, 'LeRitzDowntown@example.com'),
    (2, '555-123-1234'),
    (3, '556-123-1234'),
    (4, '557-123-1234'),
    (5, '558-123-1234'),
    (6, '559-123-1234'),
    (7, '560-123-1234'),
    (8, '561-123-1234'),
    (9, '562-123-1234'),
    (10, '563-123-1234'),
    (11, '564-123-1234'),
    (12, '565-123-1234'),
    (13, '566-123-1234'),
    (14, '567-123-1234'),
    (15, '568-123-1234'),
    (16, '569-123-1234'),
    (17, '570-123-1234'),
    (18, '510-123-1234'),
    (19, '123-123-1234'),
    (20, '431-123-1234'),
    (21, 'TheGoldenSands@example.com'),
    (22, 'TheSapphireShores@example.com'),
    (23, 'TheArcticOasis@example.com'),
    (24, 'TheEmeraldForest@example.com'),
    (25, 'TheDesertMirage@example.com'),
    (26, 'TheEnchantedGarden@example.com'),
    (27, 'TheCelestialPalace@example.com'),
    (28, 'TheRadiantSunflo@example.comwer'),
    (29, 'TheRusticCabin@example.com'),
    (30, 'TheSecludedMeadow@example.com'),
    (31, 'TheLavenderHill@example.com' ),
    (32, 'TheTwilightSkyline@example.com'),
    (33, 'TheSilverSkies@example.com'),
    (34, 'TheLuminousLagoon@example.com'),
    (35, 'TheStarryNights@example.com'),
    (36, 'TheBlueApple@example.com'),
    (37, 'LinaLagoon@example.com'),
    (38, 'MichaelMansion@example.com'),
    (39, 'LuigisPlaypen@example.com'),
    (40, 'BananaHotel@example.com');

-- Note: hotel managers(1-40) are already inserted via trigger
insert into WorksAt (employeeID, hotelID) values
    (41, 1),
    (42, 2),
    (43, 3),
    (44, 4),
    (45, 5),
    (46, 6),
    (47, 7),
    (48, 8),
    (49, 9),
    (50, 10),
    (51, 11),
    (52, 12),
    (53, 13),
    (54, 14),
    (55, 15),
    (56, 16),
    (57, 17),
    (58, 18),
    (59, 19),
    (60, 20),
    (61, 21),
    (62, 22),
    (63, 23),
    (64, 24),
    (65, 25),
    (66, 26),
    (67, 27),
    (68, 28),
    (69, 29),
    (70, 30),
    (71, 31),
    (72, 32),
    (73, 33),
    (74, 34),
    (75, 35),
    (76, 36),
    (77, 37),
    (78, 38),
    (79, 39),
    (80, 40);

-- Rooms: 5 for each hotel, 40 hotels -> 200 rooms
insert into Room (roomNo, hotelID, pricePerDay, capacity, roomView, extendable) values 
    (1, 1, 350.5, 2, 'Mountain View', true),
    (2, 1, 275.0, 3, 'Sea View', false),
    (3, 1, 300.0, 4, 'Mountain View', true),
    (4, 1, 250.0, 5, 'Sea View', false),
    (5, 1, 400.0, 6, 'Mountain View', true),
    (1, 2, 300.0, 3, 'Sea View', false),
    (2, 2, 375.0, 4, 'Mountain View', true),
    (3, 2, 325.0, 5, 'Sea View', false),
    (4, 2, 350.0, 2, 'Mountain View', true),
    (5, 2, 275.5, 6, 'Sea View', false),
    (1, 3, 250.0, 4, 'Mountain View', true),
    (2, 3, 225.0, 5, 'Sea View', false),
    (3, 3, 400.0, 6, 'Mountain View', true),
    (4, 3, 300.0, 3, 'Sea View', false),
    (5, 3, 350.0, 2, 'Mountain View', true),
    (1, 4, 275.0, 5, 'Sea View', false),
    (2, 4, 400.0, 6, 'Mountain View', true),
    (3, 4, 350.5, 2, 'Sea View', false),
    (4, 4, 300.0, 3, 'Mountain View', true),
    (5, 4, 325.0, 4, 'Sea View', false),
    (1, 5, 300.0, 2, 'Mountain View', true),
    (2, 5, 250.0, 3, 'Sea View', false),
    (3, 5, 200.0, 4, 'Mountain View', false),
    (4, 5, 350.0, 5, 'Sea View', true),
    (5, 5, 400.0, 6, 'Mountain View', true),
    (1, 6, 200.0, 3, 'Sea View', false),
    (2, 6, 300.0, 2, 'Mountain View', true),
    (3, 6, 350.0, 4, 'Sea View', true),
    (4, 6, 400.0, 6, 'Mountain View', false),
    (5, 6, 250.0, 5, 'Sea View', true),
    (1, 7, 400.0, 4, 'Mountain View', true),
    (2, 7, 300.0, 3, 'Sea View', false),
    (3, 7, 200.0, 2, 'Mountain View', true),
    (4, 7, 250.0, 5, 'Sea View', false),
    (5, 7, 350.0, 6, 'Mountain View', true),
    (1, 8, 250.0, 5, 'Sea View', false),
    (2, 8, 400.0, 6, 'Mountain View', true),
    (3, 8, 300.0, 2, 'Sea View', true),
    (4, 8, 200.0, 3, 'Mountain View', false),
    (5, 8, 350.0, 4, 'Sea View', true),
    (1, 9, 200.0, 2, 'Mountain View', true),
    (2, 9, 250.0, 3, 'Mountain View', true),
    (3, 9, 350.0, 4, 'Sea View', true),
    (4, 9, 400.0, 5, 'Sea View', true),
    (5, 9, 300.0, 6, 'Mountain View', false),
    (1, 10, 250.0, 3, 'Mountain View', true),
    (2, 10, 300.0, 4, 'Sea View', true),
    (3, 10, 400.0, 5, 'Mountain View', false),
    (4, 10, 200.0, 2, 'Sea View', true),
    (5, 10, 350.0, 6, 'Sea View', false),
    (1, 11, 300.0, 4, 'Sea View', true),
    (2, 11, 400.0, 5, 'Mountain View', false),
    (3, 11, 200.0, 2, 'Mountain View', true),
    (4, 11, 350.0, 6, 'Sea View', false),
    (5, 11, 250.0, 3, 'Mountain View', true),
    (1, 12, 400.0, 5, 'Sea View', false),
    (2, 12, 200.0, 2, 'Mountain View', true),
    (3, 12, 350.0, 6, 'Sea View', false),
    (4, 12, 250.0, 3, 'Mountain View', true),
    (5, 12, 300.0, 4, 'Sea View', true),
    (1, 13, 200.0, 2, 'Mountain View', true),
    (2, 13, 250.0, 3, 'Sea View', false),
    (3, 13, 175.0, 4, 'Mountain View', false),
    (4, 13, 375.0, 5, 'Sea View', true),
    (5, 13, 300.0, 6, 'Mountain View', true),
    (1, 14, 225.0, 2, 'Sea View', false),
    (2, 14, 275.0, 3, 'Mountain View', false),
    (3, 14, 400.0, 4, 'Sea View', true),
    (4, 14, 350.0, 5, 'Mountain View', true),
    (5, 14, 200.0, 6, 'Sea View', false),
    (1, 15, 300.0, 2, 'Mountain View', true),
    (2, 15, 375.0, 3, 'Sea View', false),
    (3, 15, 200.0, 4, 'Mountain View', false),
    (4, 15, 250.0, 5, 'Sea View', true),
    (5, 15, 175.0, 6, 'Mountain View', true),
    (1, 16, 350.0, 2, 'Sea View', false),
    (2, 16, 200.0, 3, 'Mountain View', false),
    (3, 16, 225.0, 4, 'Sea View', true),
    (4, 16, 300.0, 5, 'Mountain View', true),
    (5, 16, 400.0, 6, 'Sea View', false),
    (1, 17, 200.0, 2, 'Mountain View', true),
    (2, 17, 250.0, 3, 'Sea View', false),
    (3, 17, 175.0, 4, 'Mountain View', false),
    (4, 17, 375.0, 5, 'Sea View', true),
    (5, 17, 300.0, 6, 'Mountain View', true),
    (1, 18, 225.0, 2, 'Sea View', false),
    (2, 18, 275.0, 3, 'Mountain View', false),
    (3, 18, 400.0, 4, 'Sea View', true),
    (4, 18, 350.0, 5, 'Mountain View', true),
    (5, 18, 200.0, 6, 'Sea View', false),
    (1, 19, 300.0, 2, 'Mountain View', true),
    (2, 19, 375.0, 3, 'Sea View', false),
    (3, 19, 200.0, 4, 'Mountain View', false),
    (4, 19, 250.0, 5, 'Sea View', true),
    (5, 19, 175.0, 6, 'Mountain View', true),
    (1, 20, 350.0, 2, 'Sea View', false),
    (2, 20, 200.0, 3, 'Mountain View', false),
    (3, 20, 225.0, 4, 'Sea View', true),
    (4, 20, 300.0, 5, 'Mountain View', true),
    (5, 20, 400.0, 6, 'Sea View', false),
    (1, 21, 350.5, 2, 'Mountain View', true),
    (2, 21, 275.0, 3, 'Sea View', false),
    (3, 21, 300.0, 4, 'Mountain View', true),
    (4, 21, 250.0, 5, 'Sea View', false),
    (5, 21, 400.0, 6, 'Mountain View', true),
    (1, 22, 300.0, 3, 'Sea View', false),
    (2, 22, 375.0, 4, 'Mountain View', true),
    (3, 22, 325.0, 5, 'Sea View', false),
    (4, 22, 350.0, 2, 'Mountain View', true),
    (5, 22, 275.5, 6, 'Sea View', false),
    (1, 23, 250.0, 4, 'Mountain View', true),
    (2, 23, 225.0, 5, 'Sea View', false),
    (3, 23, 400.0, 6, 'Mountain View', true),
    (4, 23, 300.0, 3, 'Sea View', false),
    (5, 23, 350.0, 2, 'Mountain View', true),
    (1, 24, 275.0, 5, 'Sea View', false),
    (2, 24, 400.0, 6, 'Mountain View', true),
    (3, 24, 350.5, 2, 'Sea View', false),
    (4, 24, 300.0, 3, 'Mountain View', true),
    (5, 24, 325.0, 4, 'Sea View', false),
    (1, 25, 300.0, 2, 'Mountain View', true),
    (2, 25, 250.0, 3, 'Sea View', false),
    (3, 25, 200.0, 4, 'Mountain View', false),
    (4, 25, 350.0, 5, 'Sea View', true),
    (5, 25, 400.0, 6, 'Mountain View', true),
    (1, 26, 200.0, 3, 'Sea View', false),
    (2, 26, 300.0, 2, 'Mountain View', true),
    (3, 26, 350.0, 4, 'Sea View', true),
    (4, 26, 400.0, 6, 'Mountain View', false),
    (5, 26, 250.0, 5, 'Sea View', true),
    (1, 27, 400.0, 4, 'Mountain View', true),
    (2, 27, 300.0, 3, 'Sea View', false),
    (3, 27, 200.0, 2, 'Mountain View', true),
    (4, 27, 250.0, 5, 'Sea View', false),
    (5, 27, 350.0, 6, 'Mountain View', true),
    (1, 28, 250.0, 5, 'Sea View', false),
    (2, 28, 400.0, 6, 'Mountain View', true),
    (3, 28, 300.0, 2, 'Sea View', true),
    (4, 28, 200.0, 3, 'Mountain View', false),
    (5, 28, 350.0, 4, 'Sea View', true),
    (1, 29, 200.0, 2, 'Mountain View', true),
    (2, 29, 250.0, 3, 'Mountain View', true),
    (3, 29, 350.0, 4, 'Sea View', true),
    (4, 29, 400.0, 5, 'Sea View', true),
    (5, 29, 300.0, 6, 'Mountain View', false),
    (1, 30, 250.0, 3, 'Mountain View', true),
    (2, 30, 300.0, 4, 'Sea View', true),
    (3, 30, 400.0, 5, 'Mountain View', false),
    (4, 30, 200.0, 2, 'Sea View', true),
    (5, 30, 350.0, 6, 'Sea View', false),
    (1, 31, 300.0, 4, 'Sea View', true),
    (2, 31, 400.0, 5, 'Mountain View', false),
    (3, 31, 200.0, 2, 'Mountain View', true),
    (4, 31, 350.0, 6, 'Sea View', false),
    (5, 31, 250.0, 3, 'Mountain View', true),
    (1, 32, 400.0, 5, 'Sea View', false),
    (2, 32, 200.0, 2, 'Mountain View', true),
    (3, 32, 350.0, 6, 'Sea View', false),
    (4, 32, 250.0, 3, 'Mountain View', true),
    (5, 32, 300.0, 4, 'Sea View', true),
    (1, 33, 200.0, 2, 'Mountain View', true),
    (2, 33, 250.0, 3, 'Sea View', false),
    (3, 33, 175.0, 4, 'Mountain View', false),
    (4, 33, 375.0, 5, 'Sea View', true),
    (5, 33, 300.0, 6, 'Mountain View', true),
    (1, 34, 225.0, 2, 'Sea View', false),
    (2, 34, 275.0, 3, 'Mountain View', false),
    (3, 34, 400.0, 4, 'Sea View', true),
    (4, 34, 350.0, 5, 'Mountain View', true),
    (5, 34, 200.0, 6, 'Sea View', false),
    (1, 35, 300.0, 2, 'Mountain View', true),
    (2, 35, 375.0, 3, 'Sea View', false),
    (3, 35, 200.0, 4, 'Mountain View', false),
    (4, 35, 250.0, 5, 'Sea View', true),
    (5, 35, 175.0, 6, 'Mountain View', true),
    (1, 36, 350.0, 2, 'Sea View', false),
    (2, 36, 200.0, 3, 'Mountain View', false),
    (3, 36, 225.0, 4, 'Sea View', true),
    (4, 36, 300.0, 5, 'Mountain View', true),
    (5, 36, 400.0, 6, 'Sea View', false),
    (1, 37, 200.0, 2, 'Mountain View', true),
    (2, 37, 250.0, 3, 'Sea View', false),
    (3, 37, 175.0, 4, 'Mountain View', false),
    (4, 37, 375.0, 5, 'Sea View', true),
    (5, 37, 300.0, 6, 'Mountain View', true),
    (1, 38, 225.0, 2, 'Sea View', false),
    (2, 38, 275.0, 3, 'Mountain View', false),
    (3, 38, 400.0, 4, 'Sea View', true),
    (4, 38, 350.0, 5, 'Mountain View', true),
    (5, 38, 200.0, 6, 'Sea View', false),
    (1, 39, 300.0, 2, 'Mountain View', true),
    (2, 39, 375.0, 3, 'Sea View', false),
    (3, 39, 200.0, 4, 'Mountain View', false),
    (4, 39, 250.0, 5, 'Sea View', true),
    (5, 39, 175.0, 6, 'Mountain View', true),
    (1, 40, 350.0, 2, 'Sea View', false),
    (2, 40, 200.0, 3, 'Mountain View', false),
    (3, 40, 225.0, 4, 'Sea View', true),
    (4, 40, 300.0, 5, 'Mountain View', true),
    (5, 40, 400.0, 6, 'Sea View', false);

-- Extra rooms to vary hotel sizes: 
insert into Room (roomNo, hotelID, pricePerDay, capacity, roomView, extendable) values 
    (6, 1, 300.0, 2, 'Mountain View', true),
    (7, 1, 275.0, 3, 'Sea View', false),
    (8, 1, 350.0, 4, 'Mountain View', true),
    (9, 1, 250.0, 5, 'Sea View', false),
    (10, 1, 300.0, 6, 'Mountain View', true),
    (11, 1, 320.0, 2, 'Mountain View', true),
    (12, 1, 295.0, 3, 'Sea View', false),
    (13, 1, 320.0, 4, 'Mountain View', true),
    (14, 1, 290.0, 5, 'Sea View', false),
    (15, 1, 310.0, 6, 'Mountain View', true),
    (6, 2, 310.0, 3, 'Sea View', false),
    (7, 2, 355.0, 4, 'Mountain View', true),
    (8, 2, 395.0, 5, 'Sea View', false),
    (9, 2, 310.0, 2, 'Mountain View', true),
    (10, 2, 295.5, 6, 'Sea View', false);

-- Amenities for each room
insert into Amenity (roomNo, hotelID, amenity) values
    (2, 1, 'TV'),
    (2, 2, 'Fridge'),
    (2, 3, 'Air Conditioning'),
    (2, 4, 'Personal Safe'),
    (2, 5, 'Coffee'),
    (2, 6, 'TV'),
    (2, 7, 'Fridge'),
    (2, 8, 'Air Conditioning'),
    (2, 9, 'Personal Safe'),
    (2, 10, 'Coffee'),
    (2, 11, 'TV'),
    (2, 12, 'Fridge'),
    (2, 13, 'Air Conditioning'),
    (2, 14, 'Personal Safe'),
    (2, 15, 'Coffee'),
    (2, 16, 'TV'),
    (2, 17, 'Fridge'),
    (2, 18, 'Air Conditioning'),
    (2, 19, 'Personal Safe'),
    (2, 20, 'Coffee'),
    (2, 21, 'TV'),
    (2, 22, 'Fridge'),
    (2, 23, 'Air Conditioning'),
    (2, 24, 'Personal Safe'),
    (2, 25, 'Coffee'),
    (2, 26, 'TV'),
    (2, 27, 'Fridge'),
    (2, 28, 'Air Conditioning'),
    (2, 29, 'Personal Safe'),
    (2, 30, 'Coffee'),
    (2, 31, 'TV'),
    (2, 32, 'Fridge'),
    (2, 33, 'Air Conditioning'),
    (2, 34, 'Personal Safe'),
    (2, 35, 'Coffee'),
    (2, 36, 'TV'),
    (2, 37, 'Fridge'),
    (2, 38, 'Air Conditioning'),
    (2, 39, 'Personal Safe'),
    (2, 40, 'Coffee'),
    (3, 1, 'Fridge'),
    (3, 2, 'TV'),
    (3, 3, 'Personal Safe'),
    (3, 4, 'Personal Safe'),
    (3, 5, 'TV'),
    (3, 6, 'Fridge'),
    (3, 7, 'TV'),
    (3, 8, 'Coffee'),
    (3, 9, 'TV'),
    (3, 10, 'Coffee'),
    (3, 11, 'TV'),
    (3, 12, 'Fridge'),
    (3, 13, 'Air Conditioning'),
    (3, 14, 'TV'),
    (3, 15, 'Coffee'),
    (3, 16, 'TV'),
    (3, 17, 'Fridge'),
    (3, 18, 'Air Conditioning'),
    (3, 19, 'Coffee'),
    (3, 20, 'Air Conditioning'),
    (3, 21, 'Air Conditioning'),
    (3, 22, 'Fridge'),
    (3, 23, 'Air Conditioning'),
    (3, 24, 'TV'),
    (3, 25, 'Air Conditioning'),
    (3, 26, 'Air Conditioning'),
    (3, 27, 'Fridge'),
    (3, 28, 'Air Conditioning'),
    (3, 29, 'Air Conditioning'),
    (3, 30, 'Personal Safe'),
    (3, 31, 'Personal Safe'),
    (3, 32, 'Fridge'),
    (3, 33, 'Air Conditioning'),
    (3, 34, 'Personal Safe'),
    (3, 35, 'Personal Safe'),
    (3, 36, 'Coffee'),
    (3, 37, 'Fridge'),
    (3, 38, 'Air Conditioning'),
    (3, 39, 'Coffee'),
    (3, 40, 'Coffee');
    

-- Damages for each room
insert into Damage (roomNo, hotelID, details) values
    (1, 1, 'Cracked window'),
    (1, 2, 'Scratched wall'),
    (1, 3, 'Stained carpet'),
    (1, 4, 'Torn bedsheet'),
    (1, 5, 'Broken lamp'),
    (1, 6, 'Missing remote control'),
    (1, 7, 'Clogged drain'),
    (1, 8, 'Damaged curtains'),
    (1, 9, 'Worn-out mattress'),
    (1, 10, 'Flickering light'),
    (1, 11, 'Loose doorknob'),
    (1, 12, 'Cracked tile'),
    (1, 13, 'Leaky faucet'),
    (1, 14, 'Squeaky chair'),
    (1, 15, 'Frayed towels'),
    (1, 16, 'Sticky doorknob'),
    (1, 17, 'Loose tile'),
    (1, 18, 'Chipped paint'),
    (1, 19, 'Scratched table'),
    (1, 20, 'Burnt-out light'),
    (1, 21, 'Torn wallpaper'),
    (1, 22, 'Malfunctioning TV'),
    (1, 23, 'Rusty showerhead'),
    (1, 24, 'Stained bedspread'),
    (1, 25, 'Wobbly table'),
    (1, 26, 'Chipped glass'),
    (1, 27, 'Leaky shower'),
    (1, 28, 'Missing hangers'),
    (1, 29, 'Dirty mirror'),
    (1, 30, 'Creaky floor'),
    (1, 31, 'Worn-out sofa'),
    (1, 32, 'Noisy air conditioner'),
    (1, 33, 'Stained curtains'),
    (1, 34, 'Cracked mirror'),
    (1, 35, 'Frayed carpet'),
    (1, 36, 'Chipped furniture'),
    (1, 37, 'Dusty lampshade'),
    (1, 38, 'Worn-out pillows'),
    (1, 39, 'Scratched nightstand'),
    (1, 40, 'Peeling wallpaper');

-- Bookings
insert into Booking (customerID, roomNo, hotelID, employeeID, 
    startDate, endDate, canceled, checkedIn) values
    (1, 1, 1, null, current_date, current_date, false, false),
    (1, 2, 1, null, current_date, current_date + interval '15 days', false, false),
    (1, 3, 1, null, current_date, current_date + interval '20 days', false, false),
    (1, 4, 1, null, current_date, current_date + interval '20 days', false, false),
    (1, 5, 1, null, current_date, current_date + interval '20 days', false, false);

