-- First set of insertions to set up DB with sample values

-- Addresses
insert into Address (street, city, stateOrProvince, country) values 
    ('1234 Main Street', 'Toronto', 'Ontario', 'Canada'),
    ('678 Broadview Avenue', 'Ottawa', 'Ontario', 'Canada'),
    ('567 King Street', 'Charlottetown', 'Prince Edward Island', 'Canada'),
    ('5432 Main Street', 'Houston', 'Texas', 'United States'),
    ('8765 Oak Street', 'Edmonton', 'Alberta', 'Canada'),
    ('1093 Queen Street', 'Winnipeg', 'Manitoba', 'Canada'),
    ('999 Dundas Street', 'London', 'Ontario', 'Canada'),
    ('123 Beach Boulevard', 'Miami', 'Florida', 'United States'),
    ('5678 Park Avenue', 'Quebec City', 'Quebec', 'Canada'),
    ('5432 5th Avenue', 'Seattle', 'Washington', 'United States'),
    ('789 Broadway', 'Denver', 'Colorado', 'United States'),
    ('2345 Granville Street', 'Victoria', 'British Columbia', 'Canada'),
    ('876 Canal Street', 'New Orleans', 'Louisiana', 'United States'),
    ('4321 Main Street', 'Calgary', 'Alberta', 'Canada'),
    ('8901 Elm Street', 'San Francisco', 'California', 'United States'),
    ('345 Bay Street', 'Toronto', 'Ontario', 'Canada'),
    ('6789 Park Avenue', 'Ottawa', 'Ontario', 'Canada'),
    ('1111 5th Avenue', 'New York', 'New York', 'United States'),
    ('2222 Granville Street', 'Vancouver', 'British Columbia', 'Canada'),
    ('3333 Main Street', 'Los Angeles', 'California', 'United States'),
    ('4444 Broadway', 'Montreal', 'Quebec', 'Canada'),
    ('5555 King Street', 'Charlottetown', 'Prince Edward Island', 'Canada'),
    ('6666 Canal Street', 'New Orleans', 'Louisiana', 'United States'),
    ('7777 Queen Street', 'Winnipeg', 'Manitoba', 'Canada'),
    ('8888 Bay Street', 'Toronto', 'Ontario', 'Canada'),
    ('9999 Elm Street', 'San Francisco', 'California', 'United States'),
    ('1234 Beach Boulevard', 'Miami', 'Florida', 'United States'),
    ('5678 Park Avenue', 'Quebec City', 'Quebec', 'Canada'),
    ('5432 5th Avenue', 'Seattle', 'Washington', 'United States'),
    ('789 Broadway', 'Denver', 'Colorado', 'United States'),
    ('2345 Granville Street', 'Victoria', 'British Columbia', 'Canada'),
    ('876 Canal Street', 'New Orleans', 'Louisiana', 'United States'),
    ('4321 Main Street', 'Calgary', 'Alberta', 'Canada'),
    ('8901 Elm Street', 'San Francisco', 'California', 'United States'),
    ('345 Bay Street', 'Toronto', 'Ontario', 'Canada'),
    ('Avenida Hidalgo 123', 'Mexico City', 'Ciudad de Mexico', 'Mexico'),
    ('Calle 5 de Mayo 456', 'Guadalajara', 'Jalisco', 'Mexico'),
    ('Avenida Paseo de la Reforma 789', 'Monterrey', 'Nuevo Leon', 'Mexico'),
    ('Calle 20 de Noviembre 101', 'Puebla', 'Puebla', 'Mexico'),
    ('Avenida Insurgentes 543', 'Tijuana', 'Baja California', 'Mexico'),
    ('Calle Miguel Hidalgo 678', 'Cancun', 'Quintana Roo', 'Mexico'),
    ('Avenida Francisco I. Madero 123', 'Oaxaca', 'Oaxaca', 'Mexico'),
    ('Calle Benito Juarez 456', 'Leon', 'Guanajuato', 'Mexico'),
    ('Avenida Vicente Guerrero 789', 'Acapulco', 'Guerrero', 'Mexico'),
    ('Calle Emiliano Zapata 101', 'Cuernavaca', 'Morelos', 'Mexico'),
    ('Avenida de la Constitucion 543', 'Veracruz', 'Veracruz', 'Mexico'),
    ('Calle Jose Maria Morelos 678', 'Merida', 'Yucatan', 'Mexico'),
    ('Avenida Cuauhtemoc 123', 'Juarez', 'Chihuahua', 'Mexico'),
    ('Calle Francisco Villa 456', 'Tampico', 'Tamaulipas', 'Mexico'),
    ('Avenida Miguel Aleman 789', 'Reynosa', 'Tamaulipas', 'Mexico'),
    ('Calle Venustiano Carranza 101', 'Colima', 'Colima', 'Mexico'),
    ('Avenida Lazaro Cardenas 543', 'Culiacan', 'Sinaloa', 'Mexico'),
    ('Calle Francisco I. Madero 678', 'San Luis Potosi', 'San Luis Potosi', 'Mexico'),
    ('Avenida Ignacio Zaragoza 123', 'Toluca', 'Mexico', 'Mexico'),
    ('Calle Miguel Hidalgo 456', 'Chihuahua', 'Chihuahua', 'Mexico');

-- People
insert into Person (ssn, addressID, firstName, lastName) values 
    ('111223333', 1, 'John', 'Doe'),
    ('222334444', 2, 'Jane', 'Doe'),
    ('333445555', 3, 'Bob', 'Smith'),
    ('444556666', 4, 'Alice', 'Johnson'),
    ('555667777', 5, 'Michael', 'Lee'),
    ('666778888', 6, 'Sarah', 'Williams'),
    ('777889999', 7, 'David', 'Davis'),
    ('888990000', 8, 'Emily', 'Brown'),
    ('999001111', 9, 'Tom', 'Thompson'),
    ('111112222', 10, 'Samantha', 'Jones'),
    ('222223333', 11, 'Jack', 'Jackson'),
    ('333334444', 12, 'Maggie', 'Johnson'),
    ('444445555', 13, 'Steve', 'Lee'),
    ('555556666', 14, 'Rachel', 'Williams'),
    ('666667777', 15, 'Patrick', 'Davis'),
    ('777778888', 16, 'Laura', 'Brown'),
    ('888889999', 17, 'Robert', 'Thompson'),
    ('999990000', 18, 'Linda', 'Jones'),
    ('111111111', 19, 'Mark', 'Jackson'),
    ('222222222', 20, 'Amy', 'Johnson'),
    ('333333333', 21, 'Luke', 'Lee'),
    ('444444444', 22, 'Beth', 'Williams'),
    ('555555555', 23, 'Chris', 'Davis'),
    ('666666666', 24, 'Tina', 'Brown'),
    ('777777777', 25, 'Kevin', 'Thompson'),
    ('888888888', 26, 'Olivia', 'Jones'),
    ('999999999', 27, 'Max', 'Jackson'),
    ('111223344', 28, 'Sophia', 'Johnson'),
    ('223344556', 29, 'William', 'Lee'),
    ('334455667', 30, 'Avery', 'Williams'),
    ('445566778', 31, 'Ethan', 'Davis'),
    ('556677889', 32, 'Grace', 'Brown'),
    ('667788990', 33, 'Nicholas', 'Thompson'),
    ('778899001', 34, 'Abby', 'Jones'),
    ('889900112', 35, 'Henry', 'Jackson'),
    ('990011223', 36, 'Isabella', 'Johnson'),
    ('112233445', 37, 'Luke', 'Lee'),
    ('224466889', 38, 'Naomi', 'Williams'),
    ('336699112', 39, 'Samuel', 'Davis'),
    ('448822335', 40, 'Victoria', 'Brown'),
    ('100000000', 1, 'Seamus', 'ORourke'),
    ('100000001', 2, 'Bridget', 'McCarthy'),
    ('100000002', 3, 'Patrick', 'OSullivan'),
    ('100000003', 4, 'Siobhan', 'Doherty'),
    ('100000004', 5, 'Liam', 'Murphy'),
    ('100000005', 6, 'Aisling', 'Flynn'),
    ('100000006', 7, 'Cian', 'McNamara'),
    ('100000007', 8, 'Eileen', 'ODonnell'),
    ('100000008', 9, 'Padraig', 'Gallagher'),
    ('100000009', 10, 'Fiona', 'Byrne'),
    ('100000010', 11, 'Declan', 'McLaughlin'),
    ('100000011', 12, 'Maeve', 'Higgins'),
    ('100000012', 13, 'Ronan', 'Fitzpatrick'),
    ('100000013', 14, 'Aine', 'Kennedy'),
    ('100000014', 15, 'Niall', 'Keegan'),
    ('100000015', 16, 'Clodagh', 'Cunningham'),
    ('100000016', 17, 'Tadhg', 'ONeill'),
    ('100000017', 18, 'Caitlin', 'Ryan'),
    ('100000018', 19, 'Eoghan', 'McDermott'),
    ('100000019', 20, 'Sinead', 'Doyle'),
    ('100000020', 21, 'Ciaran', 'Walsh'),
    ('100000021', 22, 'Ailis', 'OConnor'),
    ('100000022', 23, 'Finn', 'Dempsey'),
    ('100000023', 24, 'Grainne', 'McGowan'),
    ('100000024', 25, 'Darragh', 'OBrien'),
    ('100000025', 26, 'Roisin', 'Daly'),
    ('100000026', 27, 'Cathal', 'Kavanagh'),
    ('100000027', 28, 'Mairead', 'Gibbons'),
    ('100000028', 29, 'Lorcan', 'Foley'),
    ('100000029', 30, 'Aoife', 'Sheehan'),
    ('100000030', 31, 'Conor', 'Sweeney'),
    ('100000031', 32, 'Saoirse', 'Farrell'),
    ('100000032', 33, 'Ruairi', 'Cahill'),
    ('100000033', 34, 'Brenna', 'Cullen'),
    ('100000034', 35, 'Cillian', 'Nolan'),
    ('100000035', 36, 'Orla', 'Sheridan'),
    ('100000036', 37, 'Colm', 'McGuinness'),
    ('100000037', 38, 'Bridie', 'Hart'),
    ('100000038', 39, 'Diarmuid', 'Boyle'),
    ('100000039', 40, 'Molly', 'Joyce');

-- Customers:
insert into Customer (ssn, registrationDate) values
    ('111223333', current_date),
    ('222334444', current_date),
    ('333445555', current_date),
    ('444556666', current_date),
    ('555667777', current_date);

-- Employees: 
insert into Employee (ssn, yearlySalary) values
    ('111223333', 50000),
    ('222334444', 65000),
    ('333445555', 80000),
    ('444556666', 55000),
    ('555667777', 75000),
    ('666778888', 60000),
    ('777889999', 70000),
    ('888990000', 85000),
    ('999001111', 90000),
    ('111112222', 45000),
    ('222223333', 55000),
    ('333334444', 65000),
    ('444445555', 70000),
    ('555556666', 80000),
    ('666667777', 75000),
    ('777778888', 55000),
    ('888889999', 65000),
    ('999990000', 70000),
    ('111111111', 75000),
    ('222222222', 55000),
    ('333333333', 80000),
    ('444444444', 85000),
    ('555555555', 60000),
    ('666666666', 65000),
    ('777777777', 70000),
    ('888888888', 55000),
    ('999999999', 80000),
    ('111223344', 65000),
    ('223344556', 70000),
    ('334455667', 75000),
    ('445566778', 55000),
    ('556677889', 80000),
    ('667788990', 85000),
    ('778899001', 60000),
    ('889900112', 70000),
    ('990011223', 55000),
    ('112233445', 65000),
    ('224466889', 80000),
    ('336699112', 85000),
    ('448822335', 55000),
    ('100000000', 50000),
    ('100000001', 60000),
    ('100000002', 45000),
    ('100000003', 55000),
    ('100000004', 70000),
    ('100000005', 40000),
    ('100000006', 65000),
    ('100000007', 55000),
    ('100000008', 50000),
    ('100000009', 60000),
    ('100000010', 45000),
    ('100000011', 55000),
    ('100000012', 70000),
    ('100000013', 40000),
    ('100000014', 65000),
    ('100000015', 55000),
    ('100000016', 50000),
    ('100000017', 60000),
    ('100000018', 45000),
    ('100000019', 55000),
    ('100000020', 70000),
    ('100000021', 40000),
    ('100000022', 65000),
    ('100000023', 55000),
    ('100000024', 50000),
    ('100000025', 60000),
    ('100000026', 45000),
    ('100000027', 55000),
    ('100000028', 70000),
    ('100000029', 40000),
    ('100000030', 65000),
    ('100000031', 55000),
    ('100000032', 50000),
    ('100000033', 60000),
    ('100000034', 45000),
    ('100000035', 55000),
    ('100000036', 70000),
    ('100000037', 40000),
    ('100000038', 65000),
    ('100000039', 55000);


-- Hotel managers and other positions: 40 managers, 40 other
insert into EmployeePosition (employeeID, positionName) values
    (1, 'Manager'),
    (2, 'Manager'),
    (3, 'Manager'),
    (4, 'Manager'),
    (5, 'Manager'),
    (6, 'Manager'),
    (7, 'Manager'),
    (8, 'Manager'),
    (9, 'Manager'),
    (10, 'Manager'),
    (11, 'Manager'),
    (12, 'Manager'),
    (13, 'Manager'),
    (14, 'Manager'),
    (15, 'Manager'),
    (16, 'Manager'),
    (17, 'Manager'),
    (18, 'Manager'),
    (19, 'Manager'),
    (20, 'Manager'),
    (21, 'Manager'),
    (22, 'Manager'),
    (23, 'Manager'),
    (24, 'Manager'),
    (25, 'Manager'),
    (26, 'Manager'),
    (27, 'Manager'),
    (28, 'Manager'),
    (29, 'Manager'),
    (30, 'Manager'),
    (31, 'Manager'),
    (32, 'Manager'),
    (33, 'Manager'),
    (34, 'Manager'),
    (35, 'Manager'),
    (36, 'Manager'),
    (37, 'Manager'),
    (38, 'Manager'),
    (39, 'Manager'),
    (40, 'Manager'),
    (41, 'Reception Staff'),
    (42, 'Cleaning Staff'),
    (43, 'Kitchen Staff'),
    (44, 'IT Staff'),
    (45, 'IT Staff'),
    (46, 'Kitchen Staff'),
    (47, 'Cleaning Staff'),
    (48, 'IT Staff'),
    (49, 'Kitchen Staff'),
    (50, 'Reception Staff'),
    (51, 'Cleaning Staff'),
    (52, 'IT Staff'),
    (53, 'Reception Staff'),
    (54, 'Kitchen Staff'),
    (55, 'Reception Staff'),
    (56, 'Cleaning Staff'),
    (57, 'Kitchen Staff'),
    (58, 'IT Staff'),
    (59, 'Cleaning Staff'),
    (60, 'Reception Staff'),
    (61, 'Cleaning Staff'),
    (62, 'IT Staff'),
    (63, 'Reception Staff'),
    (64, 'Kitchen Staff'),
    (65, 'Cleaning Staff'),
    (66, 'IT Staff'),
    (67, 'Reception Staff'),
    (68, 'Kitchen Staff'),
    (69, 'Cleaning Staff'),
    (70, 'IT Staff'),
    (71, 'Reception Staff'),
    (72, 'Kitchen Staff'),
    (73, 'IT Staff'),
    (74, 'Reception Staff'),
    (75, 'Cleaning Staff'),
    (76, 'Kitchen Staff'),
    (77, 'IT Staff'),
    (78, 'Cleaning Staff'),
    (79, 'Reception Staff'),
    (80, 'Kitchen Staff');

